image,method,F,pF,PSNR,DRD
dibco2009/H02,Otsu,86.45,89.1,22.0,6.26
dibco2009/H02,Yen,45.57,45.64,12.91,59.52
dibco2009/H02,Niblack,12.3,12.36,5.43,344.19
dibco2009/H02,Sauvola,64.87,66.16,16.57,25.3
dibco2009/H02,Wolf,87.99,90.75,22.59,5.37
dibco2009/H02,BgNorm+Otsu,91.19,94.03,24.11,3.3
dibco2009/H02,BgNorm+GMM,72.22,72.65,17.88,17.83
dibco2009/H02,BgNorm+Hysteresis,91.19,94.03,24.11,3.3
dibco2009/H02,BgNorm+Otsu+EdgeGate (ours),91.26,94.1,24.14,3.26
dibco2009/H03,Otsu,84.52,85.34,14.65,5.96
dibco2009/H03,Yen,79.29,79.56,13.01,9.36
dibco2009/H03,Niblack,47.9,48.3,6.96,49.74
dibco2009/H03,Sauvola,88.52,92.78,16.57,3.56
dibco2009/H03,Wolf,88.39,92.62,16.59,3.34
dibco2009/H03,BgNorm+Otsu,87.58,88.79,15.8,4.21
dibco2009/H03,BgNorm+GMM,75.45,75.48,12.03,12.1
dibco2009/H03,BgNorm+Hysteresis,88.01,89.18,15.99,3.93
dibco2009/H03,BgNorm+Otsu+EdgeGate (ours),88.06,89.22,16.0,3.9
hdibco2010/H05,Otsu,88.76,89.92,18.48,4.39
hdibco2010/H05,Yen,73.92,74.12,13.93,14.61
hdibco2010/H05,Niblack,31.01,31.1,5.98,104.9
hdibco2010/H05,Sauvola,74.94,75.48,14.21,14.35
hdibco2010/H05,Wolf,91.67,92.91,19.92,2.77
hdibco2010/H05,BgNorm+Otsu,92.72,94.26,20.59,2.22
hdibco2010/H05,BgNorm+GMM,93.1,97.16,21.1,1.84
hdibco2010/H05,BgNorm+Hysteresis,92.88,94.42,20.7,2.14
hdibco2010/H05,BgNorm+Otsu+EdgeGate (ours),93.02,94.57,20.79,2.06
hdibco2014/H01,Otsu,88.39,95.37,19.19,2.87
hdibco2014/H01,Yen,91.28,92.3,19.76,2.44
hdibco2014/H01,Niblack,29.67,29.98,6.05,98.2
hdibco2014/H01,Sauvola,86.14,94.2,18.55,3.4
hdibco2014/H01,Wolf,80.3,89.23,17.25,4.72
hdibco2014/H01,BgNorm+Otsu,88.76,94.61,19.3,2.79
hdibco2014/H01,BgNorm+GMM,87.71,87.89,18.01,3.77
hdibco2014/H01,BgNorm+Hysteresis,88.53,94.29,19.22,2.86
hdibco2014/H01,BgNorm+Otsu+EdgeGate (ours),88.76,94.61,19.3,2.79
hdibco2014/H02,Otsu,86.2,88.74,16.92,3.7
hdibco2014/H02,Yen,88.61,89.86,17.04,3.49
hdibco2014/H02,Niblack,39.27,39.71,6.41,64.94
hdibco2014/H02,Sauvola,88.47,91.62,17.57,3.15
hdibco2014/H02,Wolf,86.24,88.68,16.93,3.71
hdibco2014/H02,BgNorm+Otsu,85.16,86.28,16.66,3.97
hdibco2014/H02,BgNorm+GMM,72.58,73.72,14.51,6.63
hdibco2014/H02,BgNorm+Hysteresis,85.05,86.06,16.64,4.0
hdibco2014/H02,BgNorm+Otsu+EdgeGate (ours),85.09,86.16,16.64,3.99
hdibco2014/H07,Otsu,84.1,88.42,15.27,5.91
hdibco2014/H07,Yen,82.24,82.95,14.28,7.74
hdibco2014/H07,Niblack,47.01,47.59,7.24,45.67
hdibco2014/H07,Sauvola,90.87,97.15,18.13,2.36
hdibco2014/H07,Wolf,91.34,97.2,18.36,2.15
hdibco2014/H07,BgNorm+Otsu,91.19,97.05,18.32,2.11
hdibco2014/H07,BgNorm+GMM,92.13,95.13,18.55,2.18
hdibco2014/H07,BgNorm+Hysteresis,91.3,97.18,18.38,2.05
hdibco2014/H07,BgNorm+Otsu+EdgeGate (ours),91.4,97.29,18.44,2.01
hdibco2014/H08,Otsu,92.99,98.88,23.93,1.72
hdibco2014/H08,Yen,90.86,91.95,22.26,3.44
hdibco2014/H08,Niblack,15.71,15.79,5.13,228.6
hdibco2014/H08,Sauvola,92.87,98.19,23.81,1.88
hdibco2014/H08,Wolf,93.58,98.86,24.3,1.56
hdibco2014/H08,BgNorm+Otsu,92.77,98.74,23.84,1.71
hdibco2014/H08,BgNorm+GMM,94.86,97.33,25.09,1.29
hdibco2014/H08,BgNorm+Hysteresis,92.77,98.74,23.84,1.71
hdibco2014/H08,BgNorm+Otsu+EdgeGate (ours),92.77,98.74,23.84,1.71
hdibco2014/H09,Otsu,92.2,96.66,18.22,2.26
hdibco2014/H09,Yen,90.3,92.96,17.03,3.45
hdibco2014/H09,Niblack,48.37,48.99,7.01,46.05
hdibco2014/H09,Sauvola,93.22,98.24,18.91,1.83
hdibco2014/H09,Wolf,93.38,98.81,19.06,1.64
hdibco2014/H09,BgNorm+Otsu,93.36,98.79,19.06,1.62
hdibco2014/H09,BgNorm+GMM,94.38,96.66,19.54,1.55
hdibco2014/H09,BgNorm+Hysteresis,93.36,98.79,19.06,1.62
hdibco2014/H09,BgNorm+Otsu+EdgeGate (ours),93.38,98.82,19.08,1.61
hdibco2014/H10,Otsu,92.62,97.71,18.53,1.98
hdibco2014/H10,Yen,88.5,89.62,16.06,4.49
hdibco2014/H10,Niblack,49.75,50.63,7.33,42.61
hdibco2014/H10,Sauvola,91.87,97.3,18.11,2.34
hdibco2014/H10,Wolf,92.14,98.83,18.37,1.97
hdibco2014/H10,BgNorm+Otsu,92.69,98.17,18.63,1.86
hdibco2014/H10,BgNorm+GMM,93.12,97.83,18.85,1.79
hdibco2014/H10,BgNorm+Hysteresis,92.73,98.21,18.66,1.84
hdibco2014/H10,BgNorm+Otsu+EdgeGate (ours),92.9,98.41,18.77,1.76
